"page_size","milliseconds_elapsed"
"128","12"
"128","12"
"128","10"
"128","11"
"128","7"
"128","36"
"128","11"
"128","10"
"128","12"
"128","10"
"128","62"
"128","24"
"128","19"
"128","11"
"128","16"
"128","8"
"128","8"
"128","46"
"128","11"
"128","70"
"128","11"
"128","11"
"128","44"
"128","8"
"128","11"
"128","11"
"128","61"
"128","10"
"128","8"
"128","9"
"128","53"
"128","22"
"128","11"
"128","8"
"128","12"
"128","12"
"128","13"
"128","12"
"128","11"
"128","42"
"128","72"
"128","7"
"128","12"
"128","11"
"128","7"
"128","41"
"128","95"
"128","10"
"128","12"
"128","42"
"512","89"
"512","33"
"512","20"
"512","12"
"512","12"
"512","17"
"512","31"
"512","20"
"512","15"
"512","45"
"512","7"
"512","11"
"512","15"
"512","11"
"512","10"
"512","9"
"512","91"
"512","25"
"512","13"
"512","12"
"512","14"
"512","14"
"512","10"
"512","9"
"512","12"
"512","13"
"512","20"
"512","78"
"512","12"
"512","48"
"512","60"
"512","53"
"512","62"
"512","11"
"512","19"
"512","27"
"512","25"
"512","11"
"512","23"
"512","47"
"512","76"
"512","8"
"512","12"
"512","12"
"512","12"
"512","60"
"512","12"
"512","17"
"512","12"
"512","12"
"1024","43"
"1024","23"
"1024","39"
"1024","41"
"1024","52"
"1024","42"
"1024","17"
"1024","15"
"1024","11"
"1024","32"
"1024","46"
"1024","38"
"1024","25"
"1024","22"
"1024","51"
"1024","41"
"1024","87"
"1024","38"
"1024","74"
"1024","17"
"1024","16"
"1024","16"
"1024","17"
"1024","15"
"1024","17"
"1024","12"
"1024","14"
"1024","49"
"1024","14"
"1024","15"
"1024","33"
"1024","20"
"1024","29"
"1024","10"
"1024","15"
"1024","15"
"1024","18"
"1024","43"
"1024","13"
"1024","51"
"1024","63"
"1024","22"
"1024","30"
"1024","62"
"1024","25"
"1024","20"
"1024","19"
"1024","13"
"1024","23"
"1024","24"
"4096","41"
"4096","637"
"4096","15"
"4096","14"
"4096","548"
"4096","62"
"4096","583"
"4096","15"
"4096","64"
"4096","30"
"4096","14"
"4096","17"
"4096","22"
"4096","12"
"4096","24"
"4096","51"
"4096","44"
"4096","15"
"4096","45"
"4096","21"
"4096","14"
"4096","17"
"4096","13"
"4096","11"
"4096","11"
"4096","21"
"4096","22"
"4096","58"
"4096","112"
"4096","68"
"4096","30"
"4096","61"
"4096","10"
"4096","238"
"4096","17"
"4096","98"
"4096","9"
"4096","15"
"4096","13"
"4096","14"
"4096","24"
"4096","28"
"4096","60"
"4096","84"
"4096","25"
"4096","101"
"4096","41"
"4096","14"
"4096","44"
"4096","24"
"8192","27"
"8192","30"
"8192","14"
"8192","49"
"8192","20"
"8192","30"
"8192","15"
"8192","94"
"8192","15"
"8192","74"
"8192","16"
"8192","58"
"8192","22"
"8192","18"
"8192","17"
"8192","16"
"8192","14"
"8192","16"
"8192","19"
"8192","213"
"8192","170"
"8192","19"
"8192","81"
"8192","45"
"8192","15"
"8192","135"
"8192","17"
"8192","14"
"8192","12"
"8192","12"
"8192","38"
"8192","33"
"8192","59"
"8192","8"
"8192","13"
"8192","16"
"8192","10"
"8192","104"
"8192","15"
"8192","80"
"8192","12"
"8192","66"
"8192","12"
"8192","12"
"8192","16"
"8192","15"
"8192","28"
"8192","19"
"8192","16"
"8192","10"
